<?xml version="1.0" encoding="UTF-8"?>
<project-private xmlns="http://www.netbeans.org/ns/project-private/1">
    <editor-bookmarks xmlns="http://www.netbeans.org/ns/editor-bookmarks/2" lastBookmarkId="0"/>
    <open-files xmlns="http://www.netbeans.org/ns/projectui-open-files/2">
        <group>
            <file>file:/G:/作业+课件+录音/Software%20Design/Beads/src/beads/BeadTester.java</file>
            <file>file:/G:/作业+课件+录音/Software%20Design/Beads/src/beads/Beads.java</file>
        </group>
    </open-files>
</project-private>
